dsID,last_updated,last_scraped,name
m49,2013-11-06,2014-03-23T15:01:16.825358,m49
acled,,2014-03-23T15:01:19.779722,"ACLED (Armed conflict location and event dataset)"
echo,,2014-03-23T15:01:24.008145,"ECHO Europa"
emdat,,2014-03-23T15:06:22.949085,EM-DAT
esa-unpd-WPP2012,2012,2014-03-23T15:09:03.449668,esa-unpd
esa-unpd-WUP2011,2011,2014-03-23T15:07:27.329106,esa-unpd
fao-foodsec,,2014-03-23T15:10:01.857660,"FAO-Food Security"
faostat3,,2014-03-23T15:10:38.028063,FAOstat
mdgs,,2014-03-23T15:21:21.856036,"Millennium Development Goals"
unicef-infobycountry,,2014-03-23T15:23:55.733654,"UNICEF info by country"
unterm,"",2014-03-23T15:26:22.060978,unterm
accuweather,,2014-03-23T15:27:20.640118,Accuweather
wikipedia,,2014-03-23T15:27:23.361918,Wikipedia
worldbank-lending-groups,"",2014-03-23T15:28:13.662788,"World Bank Lending Groups"
"World Bank",,2014-03-23T15:28:15.780565,"World Bank"
worldaerodata,,2014-03-23T17:02:59.109931,worldaerodata.com
reliefweb-api,2014-03-23T17:04:01.823724,2014-03-23T17:04:01.823745,"ReliefWeb API"
data.undp.org,,2014-03-23T23:07:26.962457,"UNDP Open Data"
hdi-disaster,,2014-03-23T23:08:38.853803,"Human Development Indicators"
